data,inpc
1990-01-01,68.19
1990-02-01,73.99
1990-03-01,82.18
1990-04-01,14.67
1990-05-01,7.31
1990-06-01,11.64
1990-07-01,12.62
1990-08-01,12.18
1990-09-01,14.26
1990-10-01,14.43
1990-11-01,16.92
1990-12-01,19.14
1991-01-01,20.95
1991-02-01,20.2
1991-03-01,11.79
1991-04-01,5.01
1991-05-01,6.68
1991-06-01,10.83
1991-07-01,12.14
1991-08-01,15.62
1991-09-01,15.62
1991-10-01,21.08
1991-11-01,26.48
1991-12-01,24.15
1992-01-01,25.92
1992-02-01,24.48
1992-03-01,21.62
1992-04-01,20.84
1992-05-01,24.5
1992-06-01,20.85
1992-07-01,22.08
1992-08-01,22.38
1992-09-01,23.98
1992-10-01,26.07
1992-11-01,22.89
1992-12-01,25.58
1993-01-01,28.77
1993-02-01,24.79
1993-03-01,27.58
1993-04-01,28.37
1993-05-01,26.78
1993-06-01,30.37
1993-07-01,31.01
1993-08-01,33.34
1993-09-01,35.63
1993-10-01,34.12
1993-11-01,36.0
1993-12-01,37.73
1994-01-01,41.32
1994-02-01,40.57
1994-03-01,43.08
1994-04-01,42.86
1994-05-01,42.73
1994-06-01,48.24
1994-07-01,7.75
1994-08-01,1.85
1994-09-01,1.4
1994-10-01,2.82
1994-11-01,2.96
1994-12-01,1.7
1995-01-01,1.44
1995-02-01,1.01
1995-03-01,1.62
1995-04-01,2.49
1995-05-01,2.1
1995-06-01,2.18
1995-07-01,2.46
1995-08-01,1.02
1995-09-01,1.17
1995-10-01,1.4
1995-11-01,1.51
1995-12-01,1.65
1996-01-01,1.46
1996-02-01,0.71
1996-03-01,0.29
1996-04-01,0.93
1996-05-01,1.28
1996-06-01,1.33
1996-07-01,1.2
1996-08-01,0.5
1996-09-01,0.02
1996-10-01,0.38
1996-11-01,0.34
1996-12-01,0.33
1997-01-01,0.81
1997-02-01,0.45
1997-03-01,0.68
1997-04-01,0.6
1997-05-01,0.11
1997-06-01,0.35
1997-07-01,0.18
1997-08-01,-0.03
1997-09-01,0.1
1997-10-01,0.29
1997-11-01,0.15
1997-12-01,0.57
1998-01-01,0.85
1998-02-01,0.54
1998-03-01,0.49
1998-04-01,0.45
1998-05-01,0.72
1998-06-01,0.15
1998-07-01,-0.28
1998-08-01,-0.49
1998-09-01,-0.31
1998-10-01,0.11
1998-11-01,-0.18
1998-12-01,0.42
1999-01-01,0.65
1999-02-01,1.29
1999-03-01,1.28
1999-04-01,0.47
1999-05-01,0.05
1999-06-01,0.07
1999-07-01,0.74
1999-08-01,0.55
1999-09-01,0.39
1999-10-01,0.96
1999-11-01,0.94
1999-12-01,0.74
2000-01-01,0.61
2000-02-01,0.05
2000-03-01,0.13
2000-04-01,0.09
2000-05-01,-0.05
2000-06-01,0.3
2000-07-01,1.39
2000-08-01,1.21
2000-09-01,0.43
2000-10-01,0.16
2000-11-01,0.29
2000-12-01,0.55
2001-01-01,0.77
2001-02-01,0.49
2001-03-01,0.48
2001-04-01,0.84
2001-05-01,0.57
2001-06-01,0.6
2001-07-01,1.11
2001-08-01,0.79
2001-09-01,0.44
2001-10-01,0.94
2001-11-01,1.29
2001-12-01,0.74
2002-01-01,1.07
2002-02-01,0.31
2002-03-01,0.62
2002-04-01,0.68
2002-05-01,0.09
2002-06-01,0.61
2002-07-01,1.15
2002-08-01,0.86
2002-09-01,0.83
2002-10-01,1.57
2002-11-01,3.39
2002-12-01,2.7
2003-01-01,2.47
2003-02-01,1.46
2003-03-01,1.37
2003-04-01,1.38
2003-05-01,0.99
2003-06-01,-0.06
2003-07-01,0.04
2003-08-01,0.18
2003-09-01,0.82
2003-10-01,0.39
2003-11-01,0.37
2003-12-01,0.54
2004-01-01,0.83
2004-02-01,0.39
2004-03-01,0.57
2004-04-01,0.41
2004-05-01,0.4
2004-06-01,0.5
2004-07-01,0.73
2004-08-01,0.5
2004-09-01,0.17
2004-10-01,0.17
2004-11-01,0.44
2004-12-01,0.86
2005-01-01,0.57
2005-02-01,0.44
2005-03-01,0.73
2005-04-01,0.91
2005-05-01,0.7
2005-06-01,-0.11
2005-07-01,0.03
2005-08-01,0.0
2005-09-01,0.15
2005-10-01,0.58
2005-11-01,0.54
2005-12-01,0.4
2006-01-01,0.38
2006-02-01,0.23
2006-03-01,0.27
2006-04-01,0.12
2006-05-01,0.13
2006-06-01,-0.07
2006-07-01,0.11
2006-08-01,-0.02
2006-09-01,0.16
2006-10-01,0.43
2006-11-01,0.42
2006-12-01,0.62
2007-01-01,0.49
2007-02-01,0.42
2007-03-01,0.44
2007-04-01,0.26
2007-05-01,0.26
2007-06-01,0.31
2007-07-01,0.32
2007-08-01,0.59
2007-09-01,0.25
2007-10-01,0.3
2007-11-01,0.43
2007-12-01,0.97
2008-01-01,0.69
2008-02-01,0.48
2008-03-01,0.51
2008-04-01,0.64
2008-05-01,0.96
2008-06-01,0.91
2008-07-01,0.58
2008-08-01,0.21
2008-09-01,0.15
2008-10-01,0.5
2008-11-01,0.38
2008-12-01,0.29
2009-01-01,0.64
2009-02-01,0.31
2009-03-01,0.2
2009-04-01,0.55
2009-05-01,0.6
2009-06-01,0.42
2009-07-01,0.23
2009-08-01,0.08
2009-09-01,0.16
2009-10-01,0.24
2009-11-01,0.37
2009-12-01,0.24
2010-01-01,0.88
2010-02-01,0.7
2010-03-01,0.71
2010-04-01,0.73
2010-05-01,0.43
2010-06-01,-0.11
2010-07-01,-0.07
2010-08-01,-0.07
2010-09-01,0.54
2010-10-01,0.92
2010-11-01,1.03
2010-12-01,0.6
2011-01-01,0.94
2011-02-01,0.54
2011-03-01,0.66
2011-04-01,0.72
2011-05-01,0.57
2011-06-01,0.22
2011-07-01,0.0
2011-08-01,0.42
2011-09-01,0.45
2011-10-01,0.32
2011-11-01,0.57
2011-12-01,0.51
2012-01-01,0.51
2012-02-01,0.39
2012-03-01,0.18
2012-04-01,0.64
2012-05-01,0.55
2012-06-01,0.26
2012-07-01,0.43
2012-08-01,0.45
2012-09-01,0.63
2012-10-01,0.71
2012-11-01,0.54
2012-12-01,0.74
2013-01-01,0.92
2013-02-01,0.52
2013-03-01,0.6
2013-04-01,0.59
2013-05-01,0.35
2013-06-01,0.28
2013-07-01,-0.13
2013-08-01,0.16
2013-09-01,0.27
2013-10-01,0.61
2013-11-01,0.54
2013-12-01,0.72
2014-01-01,0.63
2014-02-01,0.64
2014-03-01,0.82
2014-04-01,0.78
2014-05-01,0.6
2014-06-01,0.26
2014-07-01,0.13
2014-08-01,0.18
2014-09-01,0.49
2014-10-01,0.38
2014-11-01,0.53
2014-12-01,0.62
2015-01-01,1.48
2015-02-01,1.16
2015-03-01,1.51
2015-04-01,0.71
2015-05-01,0.99
2015-06-01,0.77
2015-07-01,0.58
2015-08-01,0.25
2015-09-01,0.51
2015-10-01,0.77
2015-11-01,1.11
2015-12-01,0.9
2016-01-01,1.51
2016-02-01,0.95
2016-03-01,0.44
2016-04-01,0.64
2016-05-01,0.98
2016-06-01,0.47
2016-07-01,0.64
2016-08-01,0.31
2016-09-01,0.08
2016-10-01,0.17
2016-11-01,0.07
2016-12-01,0.14
2017-01-01,0.42
2017-02-01,0.24
2017-03-01,0.32
2017-04-01,0.08
2017-05-01,0.36
2017-06-01,-0.3
2017-07-01,0.17
2017-08-01,-0.03
2017-09-01,-0.02
2017-10-01,0.37
2017-11-01,0.18
2017-12-01,0.26
2018-01-01,0.23
2018-02-01,0.18
2018-03-01,0.07
2018-04-01,0.21
2018-05-01,0.43
2018-06-01,1.43
2018-07-01,0.25
2018-08-01,0.0
2018-09-01,0.3
2018-10-01,0.4
2018-11-01,-0.25
2018-12-01,0.14
2019-01-01,0.36
2019-02-01,0.54
2019-03-01,0.77
2019-04-01,0.6
2019-05-01,0.15
2019-06-01,0.01
2019-07-01,0.1
2019-08-01,0.12
2019-09-01,-0.05
2019-10-01,0.04
2019-11-01,0.54
2019-12-01,1.22
2020-01-01,0.19
2020-02-01,0.17
2020-03-01,0.18
2020-04-01,-0.23
2020-05-01,-0.25
2020-06-01,0.3
2020-07-01,0.44
2020-08-01,0.36
2020-09-01,0.87
2020-10-01,0.89
2020-11-01,0.95
2020-12-01,1.46
2021-01-01,0.27
2021-02-01,0.82
2021-03-01,0.86
2021-04-01,0.38
2021-05-01,0.96
2021-06-01,0.6
2021-07-01,1.02
2021-08-01,0.88
2021-09-01,1.2
2021-10-01,1.16
2021-11-01,0.84
2021-12-01,0.73
2022-01-01,0.67
2022-02-01,1.0
2022-03-01,1.71
2022-04-01,1.04
2022-05-01,0.45
2022-06-01,0.62
2022-07-01,-0.6
2022-08-01,-0.31
2022-09-01,-0.32
2022-10-01,0.47
2022-11-01,0.38
2022-12-01,0.69
2023-01-01,0.46
2023-02-01,0.77
2023-03-01,0.64
2023-04-01,0.53
2023-05-01,0.36
2023-06-01,-0.1
2023-07-01,-0.09
2023-08-01,0.2
2023-09-01,0.11
2023-10-01,0.12
2023-11-01,0.1
2023-12-01,0.55
2024-01-01,0.57
2024-02-01,0.81
2024-03-01,0.19
2024-04-01,0.37
2024-05-01,0.46
2024-06-01,0.25
2024-07-01,0.26
2024-08-01,-0.14
2024-09-01,0.48
2024-10-01,0.61
2024-11-01,0.33
2024-12-01,0.48
